<?xml version="1.1" encoding="UTF-8" standalone="no"?>
<databaseChangeLog
        xmlns="http://www.liquibase.org/xml/ns/dbchangelog"
        xmlns:xsi="http://www.w3.org/2001/XMLSchema-instance"
        xsi:schemaLocation="http://www.liquibase.org/xml/ns/dbchangelog http://www.liquibase.org/xml/ns/dbchangelog/dbchangelog-3.5.xsd">
    <changeSet id="4" author="maxson.zucolotto">
        <createTable tableName="QUESTAO" remarks="Tabela de questões">
            <column name="ID" type="BIGINT" remarks="Campo de indentificação" autoIncrement="true">
                <constraints nullable="false" primaryKey="true" primaryKeyName="PK_QUESTAO"/>
            </column>
            <column name="DESCRICAO" type="varchar(400)" remarks="Descrição">
                <constraints nullable="false"/>
            </column>
            <column name="ALTERNATIVA_1" type="varchar(400)">
                <constraints nullable="false"/>
            </column>
            <column name="ALTERNATIVA_2" type="varchar(400)">
                <constraints nullable="false"/>
            </column>
            <column name="ALTERNATIVA_3" type="varchar(400)">
                <constraints nullable="false"/>
            </column>
            <column name="ALTERNATIVA_4" type="varchar(400)">
                <constraints nullable="false"/>
            </column>
            <column name="ALTERNATIVA_5" type="varchar(400)">
                <constraints nullable="false"/>
            </column>
            <column name="RESPOSTA" type="number">
                <constraints nullable="false"/>
            </column>
            <column name="ID_SENIORIDADE" type="number">
                <constraints nullable="false"/>
            </column>
            <column name="ID_TIPO_QUESTAO" type="number">
                <constraints nullable="false"/>
            </column>
        </createTable>
    </changeSet>

    <changeSet id="5" author="maxson.zucolotto">
        <addForeignKeyConstraint baseColumnNames="ID_TIPO_QUESTAO"
                                 baseTableName="QUESTAO"
                                 constraintName="FK_QUESTAO_TIPO_QUESTAO"
                                 referencedColumnNames="ID"
                                 referencedTableName="TIPO_QUESTAO"/>
    </changeSet>

    <changeSet id="6" author="maxson.zucolotto">
        <addForeignKeyConstraint baseColumnNames="ID_SENIORIDADE"
                                 baseTableName="QUESTAO"
                                 constraintName="FK_QUESTAO_SENIORIDADE"
                                 referencedColumnNames="ID"
                                 referencedTableName="SENIORIDADE"/>
    </changeSet>
</databaseChangeLog>