<?xml version="1.1" encoding="UTF-8" standalone="no"?>
<databaseChangeLog 
        xmlns="http://www.liquibase.org/xml/ns/dbchangelog" xmlns:ext="http://www.liquibase.org/xml/ns/dbchangelog-ext" 
        xmlns:xsi="http://www.w3.org/2001/XMLSchema-instance" 
        xsi:schemaLocation="http://www.liquibase.org/xml/ns/dbchangelog-ext http://www.liquibase.org/xml/ns/dbchangelog/dbchangelog-ext.xsd http://www.liquibase.org/xml/ns/dbchangelog http://www.liquibase.org/xml/ns/dbchangelog/dbchangelog-3.5.xsd">
    <changeSet id="2" author="maxson.zucolotto">
        <createTable tableName="TIPO_QUESTAO" remarks="Tabela de tipos de questões">
            <column name="ID" type="number" remarks="Campo de indentificação">
                <constraints nullable="false" primaryKey="true" primaryKeyName="PK_TIPO_QUESTAO"/>
            </column>
            <column name="DESCRICAO" type="varchar(80)" remarks="Descrição">
                <constraints nullable="false"/>
            </column>
        </createTable>

        <insert tableName="TIPO_QUESTAO">
            <column name="ID" value="1"/>
            <column name="DESCRICAO" value="ARQUITETURA"/>
        </insert>

        <insert tableName="TIPO_QUESTAO">
            <column name="ID" value="2"/>
            <column name="DESCRICAO" value="BANCO DE DADOS"/>
        </insert>

        <insert tableName="TIPO_QUESTAO">
            <column name="ID" value="3"/>
            <column name="DESCRICAO" value="PROGRAMAÇÃO"/>
        </insert>

        <insert tableName="TIPO_QUESTAO">
            <column name="ID" value="4"/>
            <column name="DESCRICAO" value="ANÁLISE E PROJETO"/>
        </insert>

        <insert tableName="TIPO_QUESTAO">
            <column name="ID" value="5"/>
            <column name="DESCRICAO" value="REQUISITOS"/>
        </insert>
    </changeSet>
</databaseChangeLog>